<?xml version="1.0" encoding="utf-8"?>
<extension version="2.5" type="plugin" group="content">
        <name>plg_content_helloworld</name>
        <author>Brad Markle</author>
        <creationDate>June 18th, 2012</creationDate>
        <copyright>InMotion Hosting</copyright>
        <license>GNU General Public License</license>
        <authorEmail>bradm@inmotionhosting.com</authorEmail>
        <authorUrl>http://www.inmotionhosting.com</authorUrl>
        <version>1.0</version>
        <description>Simple Hello World Plugin that prints "Hello World" at the beginning of every article.</description>
        <files>
                <filename plugin="helloworld">helloworld.php</filename>
                <filename>index.html</filename>
        </files>
</extension>