<?xml version="1.0" encoding="utf-8"?>
<extension version="3.1" type="plugin" group="content">
        <name>plg_yb_content</name>
        <author>Gerald</author>
        <creationDate>October 20th, 2016</creationDate>
        <copyright>ybeez pte ltd</copyright>
        <license>GNU General Public License</license>
        <authorEmail>geraldng01@gmail.com</authorEmail>
        <authorUrl>http://www.company.com</authorUrl>
        <version>1.0</version>
        <description>ybeez content plugin</description>
        <files>
			<filename plugin="ybcontent">ybcontent.php</filename>
            <filename>index.html</filename>
        </files>
		<languages>
			<language tag="en-GB">en-GB.plg_content_ybcontent.ini</language>
			<language tag="en-GB">en-GB.plg_content_ybcontent.sys.ini</language>
		</languages>
		<config>
			<fields name="params">
				<fieldset name="basic">
					<field name="mode" type="list" default="1" label="PLG_CONTENT_EXAMPLE_MODE" description="PLG_CONTENT_EXAMPLE_EMAILS_DISPLAYED">
						<option value="0">PLG_CONTENT_EXAMPLE_NONLINKABLE_TEXT</option>
						<option value="1">PLG_CONTENT_EXAMPLE_LINKABLE_TEXT</option>
					</field>
				</fieldset>
			</fields>			
		</config>
</extension>