<?xml version="1.0" encoding="utf-8"?>
<extension version="2.5" type="plugin" group="content">
        <name>plg_content_helloworld</name>
        <author>Brad Markle</author>
        <creationDate>June 18th, 2012</creationDate>
        <copyright>InMotion Hosting</copyright>
        <license>GNU General Public License</license>
        <authorEmail>bradm@inmotionhosting.com</authorEmail>
        <authorUrl>http://www.inmotionhosting.com</authorUrl>
        <version>1.0</version>
        <description>Simple Hello World Plugin that prints "Hello World" at the beginning of every article.</description>
        <files>
                <filename plugin="helloworld">helloworld.php</filename>
                <filename>index.html</filename>
        </files>
		<config>
				<fields name="params">
					<fieldset name="basic">
						<field name="alt-text" type="text" default="" label="Alternative Text" description="Besides Hello World, you can specify other text here to print to the screen instead." />

						<field name="color" type="radio" default="black" description="Which color should the message be displayed in?" label="Color">
							<option value="black">black</option>
							<option value="red">red</option>
							<option value="blue">blue</option>
						</field>
						
						<field name="font-size" type="list" default="12" description="What size font should the message use?" label="Font size">
							<option value="8">8px</option>
							<option value="12">12px</option>
							<option value="16">16px</option>
						</field>
					</fieldset>
				</fields>				
        </config>
</extension>